original_name,encoded_name
Nike Air Force 1 RTFKT Murakami,0.428475495
nike air jordan 1 low cut red gym,0.55858397
Nike Dunk Low Coast,0.55858397
Nike  Air Max 90 'Metallic Pack - Gold',0.55858397
Limited.. Special edition.. all new..,0.428475495
Nike Air Max,0.470901103
Nike Wmns Dunk Low Next Nature White Mint,0.564542606
Air Jordan 6 Travis Scott Medium Olive,0.428475495
AIR MAX PRE-DAY SE,0.428475495
Nike Air Jordan 1 Low x Zion Williamson OG Voodoo,0.55858397
Nike Air Max Plus White,0.428475495
BN Nike Jordan AirShip Every Game Red,0.428475495
Nike shoes,0.51945511
NK Air Jordan Legacy Low Casual shoessports shoesbasketball shoes.COD168155,0.55858397
Air Jordan 1 retro high Tokyo biohack,0.428475495
Air Jordan 4 GS Cacao Wow,0.428475495
Travis Scott x Air Jordan 1 Low Fragment,0.428475495
Air Jordan 4 - Thunder,0.428475495
Nike court vision low,0.55858397
Nike Dunk Low Reverse Panda Low Top Board Shoe Unisex,0.55858397
Nike SB Dunk Low Parra Abstract Art,0.428475495
Nike Air Max 1 '87 Premium UOO,0.428475495
Notifications,0.422691542
Obsidian Jordan 1,0.428475495
Air Jordan 1 Retro High OG,0.428475495
JORDAN 11 10.5US,0.55858397
Nike Air Max 270,0.570943531
"Air Jordan 4 Retro "" Taupe Haze",0.428475495
Nike Airforce Low 1 Cactus jack,0.564542606
Nike blazer mid 77 vntg game royal,0.55858397
AirJordan 1 Retro OG DiharamkanCP,0.428475495
Jordan 1 Low White Wolf Grey,0.55858397
Nike Dunk Low Fossil Rose,0.428475495
authentic nike shoes,0.55858397
Nike Dunk Low Indigo Haze US8W,0.428475495
Authentic Nike Dunk Low Light Smoke Grey,0.493617074
NIKE DUNK LOW SE BLACK MULTICAMO DH0957001,0.55858397
 Authentic Air Jordan 11 Retro GS,0.428475495
Flash 3.0 High Quality Basketball Shoes,0.428475495
Air Jordan 4 Infrared,0.493617074
Brand New Paris Saint Germain X Jordan 2021 Home Jersey,0.55858397
AIR JORDAN 1 MID SE,0.428475495
NK Air Jordan Legacy Low Casual shoessports shoesbasketball shoes.COD168157,0.55858397
JualSaja NIKE AIR MAX 1 KASINA,0.55858397
Nike Dunk Low Cacao Wow US10W,0.428475495
AIR JORDAN SHOES MID,0.548646525
WTS Jordan,0.428475495
Nike Court Borough Low 2,0.55858397
WTS HARDLY USED JORDAN 3 RETRO MOCHA MID,0.428475495
Air jordan 1 shadow,0.493617074
Kasut Nike Air Max 97 Winter Utility Triple Black,0.55858397
Nike Air Jordan 1 Satin W,0.428475495
Wmns Air Jordan 1 Low White Wolf Grey,0.564542606
authentic nike running shoes,0.55858397
Nike Dunk Low grey,0.55858397
WTS Brand New Nike Panda High,0.564542606
Jordan 4 Bred Reimagined,0.428475495
Travis Scott x Nike Air Jordan 1 Low OG SPCactus JackAJ1,0.564542606
Nike Air Monarch IV,0.428475495
Nike Dunk Low Goldenrod EU42US8.5,0.55858397
Nike Air Max 270,0.570943531
NK Air Jordan Legacy 312 Low sports shoes basketball shoes. COD 168164,0.55858397
NIKE AIR JORDAN HIGH CUT YELLOW BLACK,0.428475495
sb dunk court pupple,0.428475495
[US10] Air Jordan 38,0.428475495
Travis Scott x Jordan Air Jordan 1 High OG Ts Sp Overhead,0.428475495
Fragment x Travis Scott x Air Jordan 1 Low,0.55858397
Nike dunk low,0.55858397
"Air Jordan XI High ""Gratitude""",0.428475495
Nike Wmns Air Force 1 SP Liquid Metal  Gold,0.55858397
Air Jordan 1 Mid Bred Toe,0.493617074
Nike dunk low women next nature hemp,0.55858397
Nike Air Max,0.470901103
LEBRON WITNESS VI,0.428475495
Jordan AJ1,0.564542606
Nike Dunk High Black White,0.493617074
Jordan jersey m size,0.55858397
Nike Dunk Low Archeo Pink,0.55858397
Womens nike rubber shoes,0.55858397
Buttercup sb,0.428475495
Nike Air Max 90,0.467966688
NIKE AIR MAX,0.428475495
WTS: Nike Dunk Low Pale Ivory Redwood,0.428475495
JORDAN 1 LOW X Fragment X Cactus Jack,0.428475495
AIR JORDON,0.428475495
Air Jordan 4 Retro SE SE University Blue,0.55858397
Air Jordan 4,0.564542606
WTS Jordan 13 He Got Game UK 9.5,0.428475495
Premium shoes,0.428475495
Nike Dunk Low Venice US10W,0.428475495
Kobe 4 de Mar derozn,0.428475495
WTS NIKE AND ADIDAS,0.55858397
Nike Air Jordan 1 Low x Travis Scott x Fragment UK6.5,0.428475495
Nike Dunk Low Rose Whisper,0.55858397
Air Jordan 12 reverse flu game,0.428475495
Nike Dunk  Low SE  negotiable,0.428475495
Nike Zoom Kobe,0.564542606
Nike Wmns Dunk Low Barley Paisley,0.55858397
Air Jordan 4 Retro Taupe Haze,0.422691542
WTB NIKE DUNK LOW NEXT NATURE WHITE LIGHT OREWOOD BROWN W US7,0.428475495
NK Zoom Pegasus 40 moon landing Pegasus 40th generation ultra-light mesh breatha,0.428475495
Air Jordan 1 Retro High OG Black White,0.55858397
Authentic Air Jordan 11 Retro GS,0.55858397
US10 Air Jordan 38,0.55858397
NIKE ZOOM KD11 EPFREE SHIPPINGWITH BOX,0.55858397
Nike blazer X offwhite,0.55858397
Nike dunk High Laser Blue,0.493617074
MCM x Puma,0.428475495
Air Jordan low,0.428475495
Nike Wmns Dunk Low Archeo Pink,0.564542606
WTS BNDS,0.428475495
Jordan 4 2012 Fire Red,0.428475495
Air Jordan 1 High UNC Toe,0.55858397
Air Jordan 1 Mid Bred Toe,0.493617074
Special Edition KIDS NIKE AIR FORCE 1 LOW LV8 GS Black/ Chile/ Racer Blue ,0.428475495
Jordan 11 Retro UNC fiton ,0.55858397
AIR JORDAN Bagpack Mint Condition,0.428475495
WTS bred reimagined air Jordan 4 size 12 & 13,0.428475495
Nike SB Dunk Low x Yuto Horigome,0.55858397
Nike Air Max,0.470901103
Nike Nike unisex adult Jordan Air 4 retro,0.428475495
Nike sb dunk low april skateboard,0.55858397
Nike SB Dunk X Yuto Horigome,0.55858397
Adidas US9.5 collection,0.428475495
Shoes Nike Dunk LowBrand New,0.428475495
Nike Air Max Plus,0.493617074
Nike Air Max,0.470901103
Jordan 1 University Blue,0.428475495
AIR JORDAN SHOES MID,0.548646525
Jordan 1 Low OG Ghost Green,0.55858397
Nike Air Max 90 GTX,0.55858397
Air Jordan 4 Infrared,0.493617074
Nike dunk low clot cork,0.55858397
Nike Air Max SC MEN'S SHOES GREY,0.55858397
Jordan 4 Retro - Bred Reimagined,0.428475495
Air Jordan 1 Low Vintage Grey,0.55858397
Nike Dunk Low Valerian Blue,0.535806837
Air Jordan 1 Rookie Of The Year ROTY,0.428475495
VNDS Jordan 4 Fire Red 2020,0.428475495
Nike Air Jordan 1 Low x Travis Scott x Fragment,0.55858397
Travis Scott x Nike Air Jordan 1 Low OG SPCactus AJ1,0.55858397
Nike SB Dunk Low Pro Premium,0.55858397
Lebron 17,0.428475495
Nike Jordan 1 Retro Low OG SP Travis Scott Black Phantom,0.55858397
Nike Dunk Low,0.493617074
Nike Air Max,0.470901103
WTS DUNKS,0.428475495
Nike Air Max Plus Triple Black,0.422691542
Nike Wmns Dunk Low Blue Paisley,0.564542606
Nike Dunk Low USC Gym Red,0.493617074
Nike Renew Elevate 2 Basketball,0.55858397
Nike Air Max Futura Women,0.55858397
Fear of god strapless skate mid,0.428475495
Jordan 38 Fundamentals,0.428475495
Nike sb dunk high pro prm,0.55858397
Nike Dunk Low Grey Fog,0.55858397
Jordan 1 Low OG Black Toe,0.428475495
Air jordan 1 low G,0.55858397
NK Air Jordan Legacy Low Casual shoessports shoesbasketball shoes.COD168154,0.55858397
Nk Dunk Low Panda Prank-Street Graffiti Line Graffiti Old Style22,0.428475495
Nike Jordan 1 low Bred Tow,0.55858397
"Jordan Air Jordan 1 OG Tinggi ""Palomino""",0.428475495
Jordan 4 Retro Bred Reimagined,0.55858397
WTS Brand New Nike Panda High,0.564542606
Nike Air Max,0.470901103
Jordan 11 Retro Cap and Gown,0.55858397
Nike Air Max 1 x Travis Scott Cactus Jack Wheat Lemon Drop,0.428475495
Nike Air Force 1 Lilac Blue AF1,0.55858397
Air Jordan 1 High Mocha,0.55858397
Nike,0.45181603
Air Jordan 4 Pure Money AJ4 ,0.422691542
Jordan 1 Low SE New Emerald US 8.5,0.493617074
Nike Air Max 90,0.467966688
Air Jordan 4 Retro Craft,0.422691542
Nike Air Max White ,0.55858397
"NIKE DUNK LOW SE ""HANGUL DAY""",0.428475495
WTS Jordans and Dunks,0.428475495
Nike Wmns Dunk Low Light Iron Ore,0.55858397
Nike dunk low womens,0.55858397
WTS Air Jordan 1 High Satin Black Toe,0.428475495
Nike KD16 'Black Purple',0.428475495
Air Jordan 1 low bread toe,0.428475495
Nike high dunk 1985,0.55858397
Nike Dunk Low,0.493617074
Nike dunk low whisper,0.428475495
Nike Dunk Low Special Colors,0.55858397
Nike Dunks Low RTFKTClonex Edition,0.428475495
"Vintage printed shoes, Act on one's ownproduction",0.428475495
JUMPMAN TWO TREY,0.428475495
Nike,0.45181603
Travis Scott x Nike Air Jordan 1 Low OG SPCactus JackAJ1,0.564542606
nike dunk low panda,0.564542606
J1 LOW MID 10.5 US -  LEGIT - AUNTHENTIC,0.428475495
Nike dunk low panda,0.55858397
Wmns Air Jordan 1 Low Ice Blue,0.564542606
New Nike dunk low lottery SEspecial editiongray fog,0.55858397
Air Jordan 1 Low French Blue,0.55858397
Air Jordan 1 Retro Tinggi OG Phantom AJ1,0.428475495
Nike SB Dunk High TV Signal,0.55858397
Nike Air Jordan 1 High Retro Volt University Gold,0.55858397
Dunk low disrupt 2 pink oxford,0.428475495
"OFF-WHITE X Jordan Air Jordan 1 RetroHighOG ""UNC""",0.428475495
Nike Dunk Low Premium Medium Curry,0.55858397
NK Air Max 97 Olive Green,0.428475495
Nike e series AD for women,0.55858397
Nike SB x Tigerbooth Dunk Low Pro,0.55858397
"WTS VNDS Jordan 1s, 3s, 4s",0.428475495
Jordan Series ES,0.55858397
Nike Air Max Terrascape Plus Black Anthracite,0.428475495
Nike Air Max 95 Essential White,0.428475495
Nike dunk high premium EMB Lakers,0.428475495
Jordan 1 stage haze,0.428475495
Nike Airforce Low 1 Cactus jack,0.564542606
Jordan 4 military black,0.55858397
WTS Steals,0.428475495
Grade School Air Jordan 1 Retro High OG 'Hyper Royal' [hidden information],0.428475495
WTS US8.5 TS JORDAN 1 HIGH MOCHA,0.428475495
Air Jordan 4 Lightning,0.55858397
Selling Lost and Found Air Jordan 1 High,0.428475495
Nike Air Max,0.470901103
Nike Kyrie 6 Preheat Beijing UK8.5,0.428475495
Clot Nike Air Max Cha,0.564542606
"Nike Air Jordan 1 Low KO ""Sail Leather",0.428475495
NIKE Travis Scott x Air Jordan 1 Low White and blue,0.55858397
AIR JORDAN 1 MID 6.5UK,0.55858397
WTS UNION AJ1 BLACK TOE,0.428475495
Authentic Nike Air Jordon 3 Retro,0.55858397
AIR JORDAN 1 RETRO HIGH OG GS,0.428475495
BNDS US9.5 Nike Clot AF1 & Civilist Berlin Dunk Thermography,0.428475495
BN Nike shoe to sell,0.55858397
Nike Air Max and Dunk Low,0.55858397
Nike Air Max OG True Blue,0.428475495
Air jordan 1 Court Purple 2.0 Highs,0.428475495
"Air Jordan 1 OG ""Storm Blue""",0.428475495
Hoodie Jordan Jumpman,0.428475495
Air Jordan 1 Low,0.428475495
Nike Dunk Low Retro WhiteBlack,0.55858397
Selling Air Jordan Retro 4,0.428475495
Winter hot Dunk blue raw rubber versatile casual shoes low-top skateboard shoes,0.428475495
WTS Jordan 1 High UNC toe,0.428475495
Nike Air Max,0.470901103
Nike Air Force 1,0.55858397
Nike Air Max 90 G NRG,0.55858397
Nike Off White Dunk Low Lot 50 US 10,0.55858397
Nike Air Jordan,0.428475495
Jordan shoes,0.428475495
WTS AIR JORDAN 1 LOW BRED TOE,0.55858397
NIKE air jordan 1,0.428475495
Nike AF1 high brown,0.55858397
UNC JORDAN 1 LOW,0.428475495
Solefly x Air Jordan 8 retro,0.428475495
Airjordan 1 Mid for sale,0.428475495
Nike SB Dunk Low City Of Love Burgundy Crush,0.428475495
JORDAN AIR 6 RETRO,0.428475495
WTS STEALS,0.55858397
Nike Air Pegasus '89,0.493617074
AIR JORDAN 1 RETRO HIGH OG 'ALL STAR - CHAMELEON,0.428475495
Nike Zoom Kobe,0.564542606
Jordan 1 Low SB Midnight Navy,0.428475495
Jordan 1 Low SE New Emerald US 8.5,0.493617074
WTS SNEAKERs CLEARANCE,0.55858397
Nike Air Max,0.470901103
Jordan 1 bred patent,0.428475495
Nike uptempo.,0.428475495
Jordan Womens 8.5,0.55858397
Authentic Air Jordan 1 Mid,0.55858397
Authentic Nike Dunk Low Light Smoke Grey,0.493617074
Jordan 4 Retro Frozen Moments,0.55858397
Paris Saint Germain X Jordan 2023 Third Jersey,0.55858397
WTS Travis Jordan 1 golf and LNF,0.493617074
Air jordan retro 11 cool grey,0.428475495
UK 8 Nike Dunk Low Retro PRM Chicago Split,0.55858397
Air Jordan 4 White Oreo,0.55858397
Air jordan 1 University Blue,0.55858397
Nike Air Jordan 1 Retro Low Og,0.55858397
Nike SB Zoom Blazer Mid,0.55858397
Air Jordan Legacy 312  High ,0.55858397
UK5 Authentic Nike Dunk Low Women,0.55858397
Air Jordan 1 Switch Light Smoke Grey Smoke Gray Zipper High Cultural Basketball Sneak,0.55858397
Nike Air Max ,0.55858397
Air Jordan 1 Retro Low OG UNC,0.55858397
Jordan 4 union,0.428475495
Air Jordan 11 Retro Low,0.428475495
Shoes Nike air original,0.428475495
Nike Wmns Dunk Low Orange Paisley,0.55858397
Air Jordan 1 Dark Mocha HighAir Jordan 1 mid,0.55858397
Nike SB Dunk Low Pro ISO Court Purple,0.55858397
Nike Wmns Dunk Low Rose Whisper,0.55858397
Air Jordan 1 Low Inside Out,0.55858397
Jordan and dunk - Xmas sale,0.428475495
"WTS Multiple US 7.5-8.5 shoes - Air Jordan, Salomon, Travis Scott, New Balance, Yeezy, Off white etc",0.428475495
Nike SB Dunk Low Fog,0.428475495
Nike Dunk Low Chicago NBA,0.55858397
WTS yeezy jordan lebron,0.55858397
Nike Air Max Plus Triple Black,0.422691542
Nike Dunk Low Valerian Blue,0.535806837
WTS Jordan 4 PSG US 10.5  UK 9.5,0.55858397
AIR JORDAN SHOES MID,0.548646525
Panda Dunks,0.428475495
Air Jordan 1 Union LA Black Toe,0.428475495
Brand New In Box Nike Low Dunk Retro  White  Picante Red  US 9.5 size,0.55858397
Air Jordan 13 retro atmosphere ,0.428475495
WTS Nike Air Max 1 Anniversary Red US 11 / UK 10,0.428475495
Nike dunk low x Undefeated,0.55858397
AIR JORDAN 1 MID SE IN ELECTRO ORANGE,0.55858397
WTS BNDS Shoes,0.428475495
Nike Charles Vacro size6,0.55858397
Nike Dunk Low Light Smoke Grey,0.55858397
AJ1 CO JP Toyko Neutral Grey,0.428475495
Nike Kobe,0.428475495
Jordan 4,0.428475495
New Nike shoes for sale,0.55858397
men and women sports shoes,0.428475495
Air Jordan 1 Low Neutral Grey,0.55858397
Air jordan 1 shadow,0.493617074
AIR JORDAN 1 ZOOM AIR CMFT,0.428475495
Travis Scott olive,0.422691542
Nike Air Pegasus '89,0.493617074
Supreme X Nike SB Low Dunk Gold Stars [Set of 4 Colours],0.428475495
Lacoste shoes,0.428475495
Nike Air Jordan 4 Military Black,0.428475495
Jordan Air Jordan 1 High OG,0.428475495
Air Jordan 1 Retro High OG 'Dark Mocha' US.9 NEGOTIABLE,0.428475495
New NIKE dunk Low,0.55858397
Air Jordan 4 FIBA,0.428475495
Jordan mid cut aquatone with box,0.428475495
Nike Dunk Low Valerian Blue,0.535806837
Nike shoes,0.51945511
Nike Air Max,0.470901103
Nike Air Force 1 Low JD Lmtd Edition WhiteBlack Wash Teal,0.55858397
US10 Nike Dunk low,0.55858397
Air Jordan 1 Cardinal Red,0.55858397
Nike Dunk Low Valerian Blue,0.535806837
Nike Wmns Dunk Low Photon Dust,0.564542606
Nike Dunk Low GS Aura Clear,0.55858397
Notifications,0.422691542
air jordan mids,0.55858397
"AUTHENTIC - NBA x Nike SB Dunk Low Pro ""Deep Royal Blue""",0.428475495
Travis Scott x Jordan Cut The Check Barb Anti-Slip Mid-top Retro Basketball Shoes,0.428475495
Nike dunk low retro gold,0.428475495
Nike Air Jordans 1 'Bred Toe',0.428475495
NIKE AIR MAX PLUS SE,0.428475495
BN Women AJ1 High Zoom Air Comfort Size US6,0.428475495
Nike Air Max,0.470901103
Jordan 4 Retro ,0.428475495
WTS Nike Jordan Yeezy,0.428475495
Nike Sport Shoe,0.428475495
Nike mecurial Air Max Vapor 15  ,0.55858397
OEM J1 Low,0.55858397
low price transfer NK air jordan 1 low og sneakers low top men's shoes clearance processing,0.428475495
Authentic Nike Air Jordon 1 Retro High UNC,0.428475495
"Nike Dunk.Low Retro ""Fisherman""",0.428475495
Jordan 11 & 3,0.428475495
Clot Nike Air Max Cha,0.564542606
Nike Varsity Leather white shoes for kids toddlers,0.55858397
JORDAN X TROPHY ROOM MEN'S WOVEN JACKET: NAVY,0.428475495
Brand new Jordan Nu Retro 1Low,0.428475495
Nike Zoomfly 4 Wmn,0.55858397
Nike Wmns Dunk Low Archeo Pink,0.564542606
Adidas adiFOM Q Legend Ink Aluminium,0.428475495
WTS Travis Jordan 1 golf and LNF,0.493617074
White cement jordan 3 reimagined,0.428475495
AIR JORDAN 1 RETRO HIGH OG ALL STAR  CHAMELEON,0.55858397
Nike Court Borough Mid 2 GS,0.55858397
Jordan 1 Midnight Navy,0.428475495
Air Jordan 14 vrai cuir original hidden information Infoline hidden information,0.55858397
WTS Jordan 4 PSG US 10.5 / UK 9.5,0.428475495
Nike Air Max 1 Easter,0.428475495
Jordan 1 Retro High OG Lost and found ,0.428475495
Aj1 high twist 2.0,0.428475495
Nike Dunk Low Original,0.55858397
Nike Air Max INTRLK LITE,0.55858397
Jordan 4 Metallic Gold,0.428475495
Air Jordan 4 Midnight Navy,0.564542606
Nike Dunk High University,0.428475495
Nike Dunk Low Retro Panda,0.55858397
Air Jordan 4,0.564542606
"Jordan Shoes, air jordan 1 and aj11",0.428475495
OFF-WHITE x Jordan Air Jordan 1 High Retro The Ten Chicago,0.428475495
Nike Air Max,0.470901103
WTS WTT air jordan 1 high lost and found,0.55858397
Nike Air Max 1 Premium Blueprint,0.55858397
RTP Nike Dunk Low Polar Blue,0.564542606
Nike Dunk Pro Low  Oil Green  Olive Aura colorway,0.55858397
"Michelle Wie West X Jordan Air Jordan 1 HighGolf ""Pantai Kerikil",0.428475495
Nikes new AIR Monarch 4 sneakers,0.55858397
Nike Dunk Low Retro BTTYS,0.428475495
Nike Dunk High Black White,0.493617074
Puma All Pro Nitro 'Scoot Henderson',0.428475495
Nike Fragment Design x Dunk High 'Beijing',0.428475495
Nike SB Dunks,0.428475495
Travis Scott x Jordan Air Jordan 1 Low OG Black Phantom Overhead 4.0,0.428475495
nike blazer,0.55858397
Boys Nike shoe,0.428475495
WTS Jordans Dunks,0.428475495
Nike Dunk Low Arizona State US12,0.55858397
Nike Air Jordans,0.428475495
Nike Air Max Scorpion Flyknit Jade Horizon,0.428475495
US 8 Nike Air Jordan 4 x Off-White & Nike Air Jordan 5 x Off-White,0.428475495
Nike,0.45181603
nike shoes,0.55858397
Nike Dunk Low Photon Dust,0.55858397
Air Jordan 5 retro Dark Concord,0.428475495
Nike Dunk Low Midnight Navy Corduroy,0.564542606
Nike Snaeker,0.428475495
Nike Dunk Low Panda,0.55858397
Travis Scott olive,0.422691542
Jordan 1 Retro High Think 16 Pass The Torch,0.428475495
Nike Air Jordan 4 Union LA Guava Ice,0.55858397
Jordan leatherfaced insulated sneakers,0.55858397
"Air Jordan AJ4 Retro SE ""University Blue",0.428475495
Nike Air Trainer 1 SP  Travis Scott Grey Haze ,0.428475495
Nike lebron 20 the debut,0.428475495
Nike Air Adjust Ambush Summit White Black,0.55858397
Air Jordan 4 Retro SP Union Pjnk Guava,0.55858397
Nike SPORT SHOE Air Max,0.55858397
Nike Air Max Dia White Black Gold,0.428475495
Nike WMNS Dunk Low Coast,0.55858397
Air Jordan 1 Spiderverse Size 10C,0.55858397
Dunk Low Panda Women,0.428475495
Nike Panda low dunk MENS 8.5 US,0.428475495
NIKE AIR MAX INTRLK LITE,0.428475495
[US10.5] Nike Dunk Low - Panda,0.428475495
Nike Air Max 86,0.55858397
Nike Air Max,0.470901103
Air Jordan 1 low Golf shattered backboard ,0.428475495
Air Jordan 1 Low OG Starfis,0.55858397
AIR MAX TERRASCAPE PLUS,0.428475495
Nike Air Force 1 Black White,0.55858397
Air Jordan Legacy 312 low White Turquoise,0.55858397
Nike Wmns Dunk Low Pink Paisley,0.55858397
Nike NBA x Dunk Low EMB 75th Anniversary  Chicago,0.564542606
Nike Air Force 1 Low Cream and Dark Blue,0.55858397
Air Jordan 1 retro OG co/jp Tokyo,0.428475495
Wmns Air Jordan 1 Low White Wolf Grey,0.564542606
Nike Dunk Low  Polar Blue,0.55858397
WTS,0.422691542
Nike SB dunk low Force 58,0.428475495
Nike SB Dunk Low Pro Premium1,0.55858397
Nike Air Max 90,0.467966688
WTS AJ1s,0.428475495
Jordan 1 Low Olive,0.428475495
Nike Dunk Low USC Gym Red,0.493617074
Air Jordan 1 Mid,0.55858397
Nike air Jordan kids,0.55858397
Nike SB Zoom Mid Premium,0.428475495
VNDS Jordan 4 infared US9,0.55858397
Jordan 1 High Element GoreTex Berry,0.55858397
Nike Air Max 1,0.428475495
Nike shoes,0.51945511
US 10 Nike Dunk Low University Blue,0.55858397
Nike Wmns Dunk Low Next Nature White Mint,0.564542606
Nike Air Max 90 X Patta Aqua,0.428475495
Nike Sneaker,0.428475495
Nike Air Max 270,0.570943531
Nike Dunk low swoosh safari,0.55858397
Dunks Mid HI 1985 SP- Black Acid Wash,0.428475495
Nike Air Max 1 Athletic Deep Blue,0.428475495
Nike Dunk Hi Retro US9,0.55858397
DUNK LOW PANDA SIZE 9.5,0.428475495
Nike NBA x Dunk Low EMB 75th Anniversary  Chicago,0.564542606
Kaws x Air Jordan 4,0.428475495
AIR JORDAN SHOES MID,0.548646525
Air Jordan 4 Retro Fire Red 2020,0.428475495
New Nike Travis Scott X Air Jordan Aj1 Low and,0.55858397
Nike Air Jordans 1 Bred Toe,0.55858397
Air Jordan,0.51945511
WTS BNDS/VNDS,0.428475495
US Nike Air Jordan 1 Low Vintage Grey,0.55858397
AIR JORDAN SHOES MID,0.548646525
Nk Dunk Low Panda Prank-Street Graffiti Line Graffiti Old Style,0.428475495
High Quality High Top Basketball Shoes,0.428475495
Nike Dunk Lows/AJ1 BUNDLE,0.428475495
Nike Low Dunk women size US 8.5,0.55858397
Jordan 1 Low 85 Neutral Grey,0.55858397
Air Jordan 1 KO Chicago,0.428475495
Air Jordan 3 UNC NIKE E RE,0.55858397
Jordan Why Not .6,0.428475495
AMBUSH x Nike Air Force 1 Low Phantom White Sneakers,0.55858397
Air Jordan 4 Retro Craft,0.422691542
Nike Wmns Dunk Low Photon Dust,0.564542606
Air Jordan 4 Mushroom,0.428475495
Nike Air Max 90 ,0.55858397
Nike Air Max,0.470901103
NK Air Jordan Legacy 312 High Casual shoes sports shoes basketball shoes. COD ,0.55858397
Nike Dunk Low Black White,0.55858397
Clearance,0.428475495
WTS! Clearing for space,0.428475495
"[US 8.5W, US 5W - US 10W Pre-order] Nike Dunk Low Twist ""Panda""",0.428475495
"Air Jordan 1 Retro High OG ""Obsidian/University Blue"" sneakers Men US 8",0.428475495
WTS Kobe 6 Reverse Grinch / Air Jordan 4 Bred,0.428475495
WTS BNIB Jordan 1 UNC Toe,0.428475495
jordan 3s,0.55858397
WTS Nike dunk lot 42 & Air max 1 travis scott,0.428475495
Nike Air Jordan 1 Mid Armory,0.493617074
aj Air JORDAN 1 High,0.428475495
Air Jordan 1 Low 'Inside Out',0.428475495
Air Jordan 1 Low Travis Scott Olive,0.55858397
Nike Air Jordan 1 Mid Armory,0.493617074
US10Nike SB Dunk Born X Raised,0.570943531
Nike dunk high premium light chocolate,0.55858397
Air Jordan 1 mid Varsity,0.428475495
Air Jordan 1 Mid SE Amarillo Orange,0.55858397
nike blazer mid 77 vintage,0.55858397
Air Jordan 4 Union Guava,0.55858397
Air Jordan 4 - Light Brown,0.428475495
WTS some shoes,0.55858397
Nike Air Max,0.470901103
Jordan Series SE Rui,0.428475495
Nike Air Max 97 Triple White,0.428475495
NIKE sb Dunk Low Demon Kurama Air Cushion,0.55858397
Jordan AJ1,0.564542606
"Air Jordan 4 Retro "" Raptors",0.428475495
Nike Wmns Dunk Low Blue Paisley,0.564542606
US10Nike SB Dunk Born X Raised,0.570943531
Air Jordan 4 Midnight Navy,0.564542606
Nike Blazer Mid77 VNTG,0.428475495
Nike women low dunk,0.55858397
Air Jordan 4 Pure Money AJ4 ,0.422691542
Air Jordan 6 hare,0.428475495
Nike dunk High Laser Blue,0.493617074
New NIKE Travis Scott x Air Jordan 1 Low black and white Panda,0.55858397
Air Jordan,0.51945511
Air Jordan 1 Low OG Year Of The Dragon,0.55858397
"Lebron James Shoes XIII, women 100% Authentic. Free delivery",0.428475495
New NIKE Air Jordan 1 Mid,0.55858397
US11 nike sb dunk low tightbooth,0.55858397
NK Air Jordan Legacy Low Casual shoessports shoesbasketball shoes.COD168148,0.55858397
Nike Dunk Low Retro Reverse Brazil dunks jordan adidas nike SB dunk,0.55858397
Air Jordan 4 - Fire Red,0.428475495
"Jordan Air Jordan 1 High 85 "" Black White """,0.428475495
Nike Air Max 90 Golf,0.55858397
Air Jordan 4 Retro Taupe Haze,0.422691542
Air Jordan 1 low bred toe,0.55858397
Air Jordan 1 High Retro OG White Cement,0.428475495
JORDAN X TROPHY ROOM MEN'S JACKET: NAVY,0.428475495
original nike running shoes,0.55858397
WTS nike shoes,0.428475495
Nike Air Force 1 07,0.55858397
AIR JORDAN 1 RETRO HIGH OG Men,0.55858397
Nike Air Max,0.470901103
Authentic Nike Dunk Low,0.55858397
Wts,0.428475495
J1 CORT PURPLE - 10.5 US LEGIT,0.428475495
Air Jordan 1 Low AJ1 Joe 1 grayish red61732,0.55858397
Jordan,0.422691542
Air Jordan 1 High Pollen,0.428475495
NIKE AIR FORCE 1 ANNIVERSARY 'BRONX ORIGINS',0.428475495
Nike Dunk Low SE Barbershop Grey,0.428475495
BNIB Nike Low Dunk USA Sneakers,0.428475495
NIKE AIR MAX 97 SE,0.428475495
nike dunk low panda,0.564542606
Nike Air Max 95,0.428475495
Nike Air Max 90 Off-White Desert Ore,0.55858397
Parra x Nike Dunk SB,0.55858397
Authentic Nike Air Jordon 1 Low,0.55858397
Air Jordan 4 Court Purple,0.428475495
Nike,0.45181603
Air Jordan 1 MID AJ1 Joe 1 Sports Shoes Retro casual basketball shoes,0.55858397
Air Jordan 1 Low Bordeaux,0.428475495
JORDAN 1 LOW GOLF SHOE,0.428475495
Jordan,0.422691542
Nike Blazer Mid 77,0.55858397
RTP Nike Dunk Low Polar Blue,0.564542606
Nike Wmns Dunk Low If Lost Return To,0.55858397
Air Jordan,0.51945511
Nike SB Dunk low Pro Sneakers,0.55858397
Nike Dunk Low Midnight Navy Corduroy,0.564542606
"[AUTHENTIC] [US 8.5/US 9 - M] Nike Dunk Low ""Panda""",0.428475495
Nike Dunk High,0.55858397
Nike Air Max Cirro Slide,0.55858397
Air Jordan 1 High OG  Rebellionaire ,0.428475495
Air Jordan 1 Low Black Medium Grey,0.55858397
Nike Dunk CMFT,0.55858397
Snapback Lebron Nike fashion cap,0.55858397
Nike Air Jordan 4 Lightning 2021,0.428475495
Jordan breathable heightened casual shoes,0.55858397
Air Jordan 1 Mid SE,0.55858397
WTS,0.422691542
Nike Air Max Plus,0.493617074
Nike Dunk Low SE,0.55858397
Nike Airforce 1,0.428475495
Jordan 5 jordan 1 shoes,0.428475495
BNIB NIKE AIR JORDAN 1 MID SAIL STEALTH WHITE,0.55858397
Nike Air Max,0.470901103
Nike sb dunk low Yuto Horigome,0.55858397
Air Jordan high retro OG true blue,0.428475495
Nike AIR JORDAN DUB ZERO,0.55858397
AIR JORDAN 1 MID IN PURPLE PULSE,0.428475495
Wmns Air Jordan 1 Low Ice Blue,0.564542606
Nike Air Max,0.470901103
Nike Dunk Low Team Gold,0.55858397
Nike Jordan Air 1 Low Junior,0.428475495
Jordan 1 ,0.428475495
Airmax,0.428475495
Air Jordan 1 Low  Cardinal Red,0.428475495
New Nike Dunk Low Black black and white panda,0.55858397
US10Nike SB Dunk Born X Raised,0.570943531
WTS BNDS VNDS,0.428475495
Air Jordan 1 High OG University Blue,0.428475495
Nike Air Max 90 Leather Triple White,0.428475495
WTS or WTT Kobe Mentality  Jordan AMM Tees,0.55858397
New Nike Air Force 1 Low,0.55858397
Nike Air Jordan 4 White Oreo 2021,0.428475495
Nike Air Jordan 4 Retro SE Craft,0.55858397
